review_text,source,date,bert_label,bert_score
"Can't knock FreshBasket UK today, it remembered my favourites properly, which made the whole thing much quicker. That's how online grocery should work.",social,2026-04-27,positive,0.9917
"Happy days with FreshBasket UK, used a voucher plus the offers and the whole basket came in cheaper than usual. Saved me a proper job.",social,2026-04-27,positive,0.9973
"Tried FreshBasket UK again today, it turned up roughly when promised and that did the job. It did the job.",social,2026-04-27,positive,0.9861
"Genuinely impressed with FreshBasket UK tonight, it remembered my favourites properly, which made the whole thing much quicker. Genuinely chuffed with that.",social,2026-04-27,positive,0.9965
"Really rate FreshBasket UK after this order, my berries turned up firm, not mushy, which made a nice change. Properly pleased with that.",social,2026-04-27,positive,0.9995
"Well chuffed with FreshBasket UK today, the bags weren't overstuffed and the fruit survived the trip just fine. Top effort all round.",social,2026-04-27,positive,0.9992
"Genuinely impressed with FreshBasket UK tonight, the van was early, the updates were clear, and the whole thing felt sorted. Miles better than trekking to the shop.",social,2026-04-27,positive,0.9979
"FreshBasket UK has my weekly shop sorted, support actually read my message and replaced the damaged juice by lunchtime. Can't ask for more really.",social,2026-04-27,negative,0.9963
"FreshBasket UK needs to sort itself out, the freezer bits were buried under cleaning stuff, which is just silly. Not good enough really.",social,2026-04-27,negative,0.9998
"Bit gutted with FreshBasket UK, the service fee keeps creeping up for a pretty average shop. Not using that excuse anymore.",social,2026-04-27,negative,0.999
"Can't knock FreshBasket UK today, the live chat fixed a refund without any faff and was genuinely polite. Exactly what I needed after work.",social,2026-04-27,positive,0.9953
"FreshBasket UK came through again, the multibuy deal on pasta, sauce, and veg was decent value. Made the whole week easier.",social,2026-04-27,positive,0.9978
"FreshBasket UK came through again, the van was early, the updates were clear, and the whole thing felt sorted. Exactly what I needed after work.",social,2026-04-27,positive,0.9939
"Pretty fed up with FreshBasket UK now, they acted like bruised fruit was somehow my problem. Wish I'd gone elsewhere.",social,2026-04-27,negative,0.9995
"FreshBasket UK turned up within the slot, the salad was alright and the bananas were about what I expected. Useful enough, I suppose.",social,2026-04-27,positive,0.9898
"FreshBasket UK absolutely nailed it today, the website was dead easy tonight and checkout took about thirty seconds. Small thing, big difference.",social,2026-04-27,negative,0.911
"Happy days with FreshBasket UK, used a voucher plus the offers and the whole basket came in cheaper than usual. Small thing, big difference.",social,2026-04-27,positive,0.7439
"Can't knock FreshBasket UK today, even the budget fruit tasted decent and the bananas were actually yellow. Small thing, big difference.",social,2026-04-27,negative,0.9779
"FreshBasket UK came through again, their fruit and veg promo was better than I expected this time. Nice when something just works.",social,2026-04-27,positive,0.9981
"FreshBasket UK order arrived this afternoon, search was okay, not brilliant, not awful. Nothing to rave about really.",social,2026-04-27,negative,0.985
"FreshBasket UK let me down again, the app logged me out three times while I was ordering. Not using that excuse anymore.",social,2026-04-27,negative,0.9985
"FreshBasket UK order arrived this afternoon, quality seemed normal compared with last week. Pretty standard shop overall.",social,2026-04-27,positive,0.5928
"FreshBasket UK came through again, the checkout page didn't crash once and that felt like progress. Top effort all round.",social,2026-04-27,positive,0.9938
"Used FreshBasket UK after work today, quality seemed normal compared with last week. Nothing to rave about really.",social,2026-04-27,negative,0.839
"Can't knock FreshBasket UK today, the live chat fixed a refund without any faff and was genuinely polite. That'll do me nicely.",social,2026-04-27,positive,0.9977
"FreshBasket UK did what it said today, the driver was polite and left quickly. Just part of the weekly admin.",social,2026-04-27,negative,0.9994
"Not gonna lie, FreshBasket UK was brilliant today, it remembered my favourites properly, which made the whole thing much quicker. Nice when something just works.",social,2026-04-27,positive,0.9997
"Honestly, FreshBasket UK annoyed me today, they chucked tins on top of the bread and flattened the lot. That's me properly annoyed.",social,2026-04-27,negative,0.9994
"Proper result from FreshBasket UK, the strawberries were properly sweet and the spinach actually lasted all week. Will happily order again.",social,2026-04-27,positive,0.9994
"FreshBasket UK did what it said today, browsing the offers page was simple enough this evening. Nothing wild to report.",social,2026-04-27,negative,0.9913
"FreshBasket UK smashed it again, I shaved a good few quid off the total with the bundle deals. Made the whole week easier.",social,2026-04-27,negative,0.9978
"FreshBasket UK was naff today, even logging in felt like hard work tonight. What a faff.",social,2026-04-27,negative,0.9986
"FreshBasket UK seems about the same this week, the bread survived and the eggs were whole, which will do. Pretty standard shop overall.",social,2026-04-27,positive,0.9323
"Bit gutted with FreshBasket UK, my order never turned up in the booked window and support just shrugged. Ruined the plan for dinner.",social,2026-04-27,negative,0.9995
"FreshBasket UK has my weekly shop sorted, managed to get dinner bits for less than the corner shop charges. Nice when something just works.",social,2026-04-27,positive,0.5811
"Did the basics on FreshBasket UK tonight, quality seemed normal compared with last week. Just part of the weekly admin.",social,2026-04-27,negative,0.8363
"FreshBasket UK was a bit dodgy today, I couldn't change my slot because the page kept looping. Wish I'd gone elsewhere.",social,2026-04-27,negative,0.9991
"FreshBasket UK was on point this morning, my berries turned up firm, not mushy, which made a nice change. Exactly what I needed after work.",social,2026-04-27,positive,0.9833
"FreshBasket UK was fairly standard today, the app worked alright once I found the right aisle. No big drama either way.",social,2026-04-27,negative,0.5978
"Fair play to FreshBasket UK, no squashed tomatoes, no split milk, job done. Will happily order again.",social,2026-04-27,positive,0.9985
"Fair play to FreshBasket UK, the multibuy deal on pasta, sauce, and veg was decent value. Miles better than trekking to the shop.",social,2026-04-27,positive,0.999
"FreshBasket UK was all over the place today, the basket total jumped loads compared with last month for the same staples. Absolute rubbish.",social,2026-04-27,negative,0.9997
"FreshBasket UK was pretty ordinary this time, no issues to raise, so I didn't really test their support. No big drama either way.",social,2026-04-27,negative,0.9978
"FreshBasket UK has gone downhill lately, packaging was a mess, eggs cracked and juice leaking everywhere. Not good enough really.",social,2026-04-27,negative,0.9998
"FreshBasket UK came through again, they finally nailed the packing and the whole order arrived intact. Top effort all round.",social,2026-04-27,positive,0.9995
"Another solid shop from FreshBasket UK, the agent on chat fixed my account issue faster than I expected. Genuinely chuffed with that.",social,2026-04-27,negative,0.9344
"FreshBasket UK was a bit dodgy today, I couldn't change my slot because the page kept looping. Shouldn't be this hard.",social,2026-04-27,negative,0.9948
"Fair play to FreshBasket UK, same-day delivery actually showed up when promised, which felt like a miracle. Tea is sorted tonight.",social,2026-04-27,positive,0.9981
"FreshBasket UK was pretty ordinary this time, the website loaded fine on my phone for once. No big drama either way.",social,2026-04-27,negative,0.9975
"FreshBasket UK was all over the place today, the apples were bruised all over and the lettuce had gone slimy. That's me properly annoyed.",social,2026-04-27,negative,0.9994
"FreshBasket UK absolutely nailed it today, filtering by dietary bits actually worked, so I found the gluten-free stuff quickly. That'll do me nicely.",social,2026-04-27,positive,0.9964
"Can't knock FreshBasket UK today, they turned up right at the start of the window and handed everything over quickly. Properly pleased with that.",social,2026-04-27,positive,0.9997
"FreshBasket UK turned up within the slot, delivery came in the middle of the slot and the handover was quick. We'll see how next week goes.",social,2026-04-27,positive,0.9882
"FreshBasket UK has my weekly shop sorted, they apologised properly for the missing bread and refunded it there and then. Miles better than trekking to the shop.",social,2026-04-27,negative,0.8819
"Really rate FreshBasket UK after this order, adding meal bits to the basket was simple and the offers showed up clearly. That'll do me nicely.",social,2026-04-27,positive,0.9996
"Bit gutted with FreshBasket UK, one flimsy bag had all the heavy bottles in it and it nearly tore my hand off. That needs sorting.",social,2026-04-27,negative,0.9989
"FreshBasket UK really dropped the ball today, it took three messages just to get a straight answer about a refund. Not using that excuse anymore.",social,2026-04-27,negative,0.9995
"FreshBasket UK smashed it again, the family staples were on offer and that made a proper difference. Can't ask for more really.",social,2026-04-27,negative,0.9849
"Happy days with FreshBasket UK, the live chat fixed a refund without any faff and was genuinely polite. Saved me a proper job.",social,2026-04-27,positive,0.9985
"FreshBasket UK came through again, they separated chilled and cupboard bits sensibly so nothing got squashed. That'll do me nicely.",social,2026-04-27,positive,0.9989
"Really rate FreshBasket UK after this order, the driver rang properly, waited a sec, and brought the heavy bags to the door. No complaints from me.",social,2026-04-27,negative,0.8969
"Placed a quick order on FreshBasket UK, nothing looked especially good or bad in today's basket. Seems okay so far.",social,2026-04-27,negative,0.7142
"Used FreshBasket UK for a top-up order, boxes were fine, if a bit bulky for a small order. No big drama either way.",social,2026-04-27,positive,0.9275
"Really rate FreshBasket UK after this order, everything was stacked neatly and unpacking took about two minutes. That'll do me nicely.",social,2026-04-27,positive,0.9836
"Really rate FreshBasket UK after this order, the phone site finally stopped lagging and I was done in minutes. Properly pleased with that.",social,2026-04-27,positive,0.9935
"Another FreshBasket UK delivery landed, the basket came out around what I expected to pay. We'll see how next week goes.",social,2026-04-27,negative,0.6404
"FreshBasket UK made the weekly shop harder, the offers page kept glitching and showing the wrong prices. Bit of a joke.",social,2026-04-27,negative,0.9994
"FreshBasket UK did the business today, the multibuy deal on pasta, sauce, and veg was decent value. Small thing, big difference.",social,2026-04-27,positive,0.999
"Well chuffed with FreshBasket UK today, the bags weren't overstuffed and the fruit survived the trip just fine. Made the whole week easier.",social,2026-04-27,positive,0.9981
"Genuinely impressed with FreshBasket UK tonight, the live chat fixed a refund without any faff and was genuinely polite. Nice when something just works.",social,2026-04-27,positive,0.9984
"Genuinely impressed with FreshBasket UK tonight, meal planning came in under budget thanks to the midweek offers. Miles better than trekking to the shop.",social,2026-04-27,positive,0.9945
"Not impressed with FreshBasket UK this week, search results were useless and basic items were weirdly hard to find. Such a pain.",social,2026-04-27,negative,0.9998
"FreshBasket UK was all over the place today, I added a few basics and somehow the total looked daft. Not using that excuse anymore.",social,2026-04-27,negative,0.9983
"FreshBasket UK has my weekly shop sorted, filtering by dietary bits actually worked, so I found the gluten-free stuff quickly. Exactly what I needed after work.",social,2026-04-27,negative,0.9942
"FreshBasket UK was naff today, those so-called offers were barely a discount. Not good enough really.",social,2026-04-27,negative,0.9997
"Really rate FreshBasket UK after this order, the own-brand stuff is surprisingly cheap and actually pretty nice. Saved me a proper job.",social,2026-04-27,positive,0.9986
"Proper result from FreshBasket UK, same-day delivery actually showed up when promised, which felt like a miracle. Exactly what I needed after work.",social,2026-04-27,positive,0.9995
"FreshBasket UK was on point this morning, filtering by dietary bits actually worked, so I found the gluten-free stuff quickly. Nice when something just works.",social,2026-04-27,positive,0.8153
"Can't knock FreshBasket UK today, even the bread stayed in one piece because the heavier bits were packed well. Saved me a proper job.",social,2026-04-27,positive,0.9989
"Genuinely impressed with FreshBasket UK tonight, they squeezed in a late order for tonight and still arrived dead on time. Top effort all round.",social,2026-04-27,positive,0.9995
"FreshBasket UK order arrived this afternoon, the veg was decent enough for a midweek top-up. Fine, not life changing.",social,2026-04-27,positive,0.9517
"FreshBasket UK did the business today, my groceries were on the doorstep before I finished work and that saved me a job. That'll do me nicely.",social,2026-04-27,positive,0.9996
"FreshBasket UK was fairly standard today, it turned up roughly when promised and that did the job. We'll see how next week goes.",social,2026-04-27,positive,0.9946
"Not gonna lie, FreshBasket UK was brilliant today, same-day delivery actually showed up when promised, which felt like a miracle. Exactly what I needed after work.",social,2026-04-27,positive,0.9997
"Not gonna lie, FreshBasket UK was brilliant today, the website was dead easy tonight and checkout took about thirty seconds. Miles better than trekking to the shop.",social,2026-04-27,negative,0.9679
"FreshBasket UK was on point this morning, the live chat fixed a refund without any faff and was genuinely polite. Exactly what I needed after work.",social,2026-04-27,positive,0.9922
"Fair play to FreshBasket UK, the order arrived before dinner so I didn't need a panic dash to the shop. No complaints from me.",social,2026-04-27,negative,0.6239
"Another FreshBasket UK delivery landed, basket edits took a minute but it all went through. Nothing wild to report.",social,2026-04-27,negative,0.9988
"FreshBasket UK was on point this morning, customer service sorted my missing yoghurt in about five minutes and credited it straight away. That's how online grocery should work.",social,2026-04-27,negative,0.9982
"Not impressed with FreshBasket UK this week, the agent ended the chat before the issue was even sorted. Not good enough really.",social,2026-04-27,negative,0.9998
"FreshBasket UK was naff today, my berries were mush before I even unpacked the lot. Absolute rubbish.",social,2026-04-27,negative,0.9998
"Pretty fed up with FreshBasket UK now, I booked an early slot and FreshBasket UK rolled up when lunch was basically over. Shouldn't be this hard.",social,2026-04-27,negative,0.9922
"Genuinely impressed with FreshBasket UK tonight, the van was early, the updates were clear, and the whole thing felt sorted. Top effort all round.",social,2026-04-27,positive,0.9995
"FreshBasket UK let me down again, the strawberries were mouldy and the cucumbers looked tired. Really not the one.",social,2026-04-27,negative,0.9996
"FreshBasket UK absolutely nailed it today, the order arrived before dinner so I didn't need a panic dash to the shop. Genuinely chuffed with that.",social,2026-04-27,negative,0.9163
"FreshBasket UK was on point this morning, the app made a boring top-up shop weirdly easy after work. Will happily order again.",social,2026-04-27,positive,0.8225
"FreshBasket UK smashed it again, prices felt fair today, especially on milk, bread, and eggs. No complaints from me.",social,2026-04-27,positive,0.8774
"Genuinely impressed with FreshBasket UK tonight, adding meal bits to the basket was simple and the offers showed up clearly. Will happily order again.",social,2026-04-27,positive,0.9998
"FreshBasket UK let me down again, the tracking updates were useless and the order just kept moving later. Absolute rubbish.",social,2026-04-27,negative,0.9998
"Did the basics on FreshBasket UK tonight, the website loaded fine on my phone for once. No strong feelings on it.",social,2026-04-27,negative,0.9997
"FreshBasket UK has gone downhill lately, my avocados were bruised and the salad was already soggy. Bit of a joke.",social,2026-04-27,negative,0.9997
"Genuinely impressed with FreshBasket UK tonight, the website was dead easy tonight and checkout took about thirty seconds. Exactly what I needed after work.",social,2026-04-27,negative,0.9012
"FreshBasket UK seems about the same this week, the bread survived and the eggs were whole, which will do. Nothing wild to report.",social,2026-04-27,negative,0.9924
"FreshBasket UK smashed it again, the evening slot started bang on time and everything was still cold. Can't ask for more really.",social,2026-04-27,negative,0.9996
"FreshBasket UK let me down again, the agent ended the chat before the issue was even sorted. Such a pain.",social,2026-04-27,negative,0.9996
"FreshBasket UK really dropped the ball today, they acted like bruised fruit was somehow my problem. That needs sorting.",social,2026-04-27,negative,0.9993
"FreshBasket UK has my weekly shop sorted, the eggs were spot on and the milk had a proper shelf life on it. Saved me a proper job.",social,2026-04-27,positive,0.9909
"Honestly, FreshBasket UK annoyed me today, they acted like bruised fruit was somehow my problem. That's me properly annoyed.",social,2026-04-27,negative,0.9991
"Not gonna lie, FreshBasket UK was brilliant today, the reusable bags were packed sensibly and easy to carry upstairs. Saved me a proper job.",social,2026-04-27,positive,0.9996
"FreshBasket UK seems about the same this week, got the order inside the booked window, which was all I needed. Fine, not life changing.",social,2026-04-27,negative,0.9976
"Not gonna lie, FreshBasket UK was brilliant today, even the budget fruit tasted decent and the bananas were actually yellow. Tea is sorted tonight.",social,2026-04-27,positive,0.9986
"Not impressed with FreshBasket UK this week, used to save me a few quid here, now it feels cheeky. What a faff.",social,2026-04-27,negative,0.9783
"Pretty fed up with FreshBasket UK now, packaging was a mess, eggs cracked and juice leaking everywhere. Ruined the plan for dinner.",social,2026-04-27,negative,0.9998
"Fair play to FreshBasket UK, the driver rang properly, waited a sec, and brought the heavy bags to the door. Made the whole week easier.",social,2026-04-27,positive,0.8851
"Another solid shop from FreshBasket UK, the reusable bags were packed sensibly and easy to carry upstairs. Tea is sorted tonight.",social,2026-04-27,positive,0.9991
"Can't knock FreshBasket UK today, the live chat fixed a refund without any faff and was genuinely polite. Will happily order again.",social,2026-04-27,positive,0.9975
"Really rate FreshBasket UK after this order, they owned the substitution mix-up and put the money back instantly. Can't ask for more really.",social,2026-04-27,negative,0.9925
"Can't knock FreshBasket UK today, the phone site finally stopped lagging and I was done in minutes. Will happily order again.",social,2026-04-27,positive,0.7774
"FreshBasket UK did the business today, they apologised properly for the missing bread and refunded it there and then. Top effort all round.",social,2026-04-27,negative,0.6232
"Genuinely impressed with FreshBasket UK tonight, barely any pointless plastic and the glass jars were packed securely. Can't ask for more really.",social,2026-04-27,positive,0.9899
"Can't knock FreshBasket UK today, the app made a boring top-up shop weirdly easy after work. Will happily order again.",social,2026-04-27,positive,0.9794
"FreshBasket UK absolutely nailed it today, the salmon looked fresh and the salad leaves weren't slimy by day two. Can't ask for more really.",social,2026-04-27,positive,0.995
"Happy days with FreshBasket UK, the checkout page didn't crash once and that felt like progress. Tea is sorted tonight.",social,2026-04-27,positive,0.9917
"FreshBasket UK smashed it again, my weekend slot landed exactly when booked and nothing was warm. Properly pleased with that.",social,2026-04-27,negative,0.8108
"Genuinely impressed with FreshBasket UK tonight, meal planning came in under budget thanks to the midweek offers. Nice when something just works.",social,2026-04-27,positive,0.998
"Really rate FreshBasket UK after this order, they finally nailed the packing and the whole order arrived intact. Can't ask for more really.",social,2026-04-27,positive,0.9952
"Fair play to FreshBasket UK, the family staples were on offer and that made a proper difference. Genuinely chuffed with that.",social,2026-04-27,positive,0.9267
"FreshBasket UK absolutely nailed it today, the evening slot started bang on time and everything was still cold. Genuinely chuffed with that.",social,2026-04-27,negative,0.9937
"FreshBasket UK came through again, today's avocados were ripe at the right time instead of being rock hard. Tea is sorted tonight.",social,2026-04-27,positive,0.9885
"Fair play to FreshBasket UK, prices felt fair today, especially on milk, bread, and eggs. Made the whole week easier.",social,2026-04-27,positive,0.9886
"FreshBasket UK let me down again, even the basics looked tired, which is not what you want midweek. Took ages to put right.",social,2026-04-27,negative,0.9996
"Used FreshBasket UK after work today, no issues to raise, so I didn't really test their support. Fine, not life changing.",social,2026-04-27,negative,0.9944
"FreshBasket UK made the weekly shop harder, my berries were mush before I even unpacked the lot. Really not the one.",social,2026-04-27,negative,0.9997
"FreshBasket UK came through again, filtering by dietary bits actually worked, so I found the gluten-free stuff quickly. Genuinely chuffed with that.",social,2026-04-27,negative,0.999
"Well chuffed with FreshBasket UK today, barely any pointless plastic and the glass jars were packed securely. Exactly what I needed after work.",social,2026-04-27,negative,0.9959
"Another solid shop from FreshBasket UK, they handled a dodgy discount code in one go and didn't make it awkward. Made the whole week easier.",social,2026-04-27,positive,0.9977
"FreshBasket UK has my weekly shop sorted, the website was dead easy tonight and checkout took about thirty seconds. Will happily order again.",social,2026-04-27,positive,0.9937
"Another solid shop from FreshBasket UK, today's avocados were ripe at the right time instead of being rock hard. That'll do me nicely.",social,2026-04-27,positive,0.9996
"FreshBasket UK absolutely nailed it today, prices felt fair today, especially on milk, bread, and eggs. No complaints from me.",social,2026-04-27,positive,0.9975
"Not impressed with FreshBasket UK this week, they cancelled my delivery last minute after I'd planned meals around it. Shouldn't be this hard.",social,2026-04-27,negative,0.9996
"FreshBasket UK has my weekly shop sorted, meal planning came in under budget thanks to the midweek offers. Properly pleased with that.",social,2026-04-27,positive,0.9992
"FreshBasket UK absolutely nailed it today, support was helpful, quick, and didn't make me chase anything twice. Made the whole week easier.",social,2026-04-27,positive,0.9922
"Bit gutted with FreshBasket UK, the basket total jumped loads compared with last month for the same staples. Really not the one.",social,2026-04-27,negative,0.9976
"FreshBasket UK absolutely nailed it today, the phone site finally stopped lagging and I was done in minutes. Exactly what I needed after work.",social,2026-04-27,negative,0.9343
"Pretty fed up with FreshBasket UK now, the driver showed up ages late and left half the bags in the van. Such a pain.",social,2026-04-27,negative,0.9996
"Can't knock FreshBasket UK today, the evening slot started bang on time and everything was still cold. Top effort all round.",social,2026-04-27,negative,0.9992
"Not gonna lie, FreshBasket UK was brilliant today, the website was dead easy tonight and checkout took about thirty seconds. That's how online grocery should work.",social,2026-04-27,negative,0.9939
"FreshBasket UK absolutely nailed it today, they finally nailed the packing and the whole order arrived intact. Will happily order again.",social,2026-04-27,positive,0.9997
"Can't knock FreshBasket UK today, they separated chilled and cupboard bits sensibly so nothing got squashed. Top effort all round.",social,2026-04-27,positive,0.9837
"FreshBasket UK was all over the place today, I booked an early slot and FreshBasket UK rolled up when lunch was basically over. Shouldn't be this hard.",social,2026-04-27,negative,0.9942
"FreshBasket UK was all over the place today, even the own-brand bits aren't cheap anymore. Bit of a joke.",social,2026-04-27,negative,0.9945
"FreshBasket UK did the business today, they owned the substitution mix-up and put the money back instantly. Can't ask for more really.",social,2026-04-27,negative,0.9925
"FreshBasket UK has my weekly shop sorted, no squashed tomatoes, no split milk, job done. Saved me a proper job.",social,2026-04-27,positive,0.9831
"FreshBasket UK order arrived this afternoon, basics were fresh enough, though nothing stood out. That'll do for now.",social,2026-04-27,negative,0.9054
"FreshBasket UK has gone downhill lately, the tomatoes were bashed, the herbs were limp, and the bread felt stale. What a faff.",social,2026-04-27,negative,0.9998
"FreshBasket UK really dropped the ball today, the app logged me out three times while I was ordering. That needs sorting.",social,2026-04-27,negative,0.9983
"Happy days with FreshBasket UK, they squeezed in a late order for tonight and still arrived dead on time. Saved me a proper job.",social,2026-04-27,positive,0.9996
"Well chuffed with FreshBasket UK today, customer service sorted my missing yoghurt in about five minutes and credited it straight away. Will happily order again.",social,2026-04-27,negative,0.9084
"Can't knock FreshBasket UK today, my groceries were on the doorstep before I finished work and that saved me a job. That'll do me nicely.",social,2026-04-27,positive,0.9994
"Another solid shop from FreshBasket UK, even the budget fruit tasted decent and the bananas were actually yellow. Tea is sorted tonight.",social,2026-04-27,positive,0.9951
"Another solid shop from FreshBasket UK, the app made a boring top-up shop weirdly easy after work. Nice when something just works.",social,2026-04-27,positive,0.9811
"Really rate FreshBasket UK after this order, the agent on chat fixed my account issue faster than I expected. Genuinely chuffed with that.",social,2026-04-27,negative,0.9981
"Can't knock FreshBasket UK today, the eggs were spot on and the milk had a proper shelf life on it. Miles better than trekking to the shop.",social,2026-04-27,positive,0.5048
"FreshBasket UK needs to sort itself out, they chucked tins on top of the bread and flattened the lot. Ruined the plan for dinner.",social,2026-04-27,negative,0.9998
"Can't knock FreshBasket UK today, even the bread stayed in one piece because the heavier bits were packed well. Top effort all round.",social,2026-04-27,positive,0.9985
"FreshBasket UK was a faff from start to finish, my order never turned up in the booked window and support just shrugged. Properly annoying.",social,2026-04-27,negative,0.9968
"FreshBasket UK has my weekly shop sorted, the bags weren't overstuffed and the fruit survived the trip just fine. Can't ask for more really.",social,2026-04-27,positive,0.9992
"FreshBasket UK really dropped the ball today, I booked an early slot and FreshBasket UK rolled up when lunch was basically over. Shouldn't be this hard.",social,2026-04-27,negative,0.9748
"FreshBasket UK was pretty ordinary this time, the app worked alright once I found the right aisle. Just part of the weekly admin.",social,2026-04-27,negative,0.5411
"Really rate FreshBasket UK after this order, the own-brand stuff is surprisingly cheap and actually pretty nice. Small thing, big difference.",social,2026-04-27,positive,0.9976
"FreshBasket UK has my weekly shop sorted, prices felt fair today, especially on milk, bread, and eggs. Miles better than trekking to the shop.",social,2026-04-27,positive,0.9837
"Fair play to FreshBasket UK, the chicken looked fresh enough that I didn't need to second guess dinner. Saved me a proper job.",social,2026-04-27,positive,0.9991
"FreshBasket UK was on point this morning, support actually read my message and replaced the damaged juice by lunchtime. Properly pleased with that.",social,2026-04-27,positive,0.9983
"Bit gutted with FreshBasket UK, support was polite enough but completely useless at fixing the actual problem. That needs sorting.",social,2026-04-27,negative,0.9994
"FreshBasket UK smashed it again, today's offers saved me a fair few quid on the weekly shop. Miles better than trekking to the shop.",social,2026-04-27,negative,0.9707
"Used FreshBasket UK after work today, quality seemed normal compared with last week. Pretty standard shop overall.",social,2026-04-27,positive,0.9346
"Another solid shop from FreshBasket UK, my berries turned up firm, not mushy, which made a nice change. Exactly what I needed after work.",social,2026-04-27,positive,0.9973
"FreshBasket UK smashed it again, everything was stacked neatly and unpacking took about two minutes. Small thing, big difference.",social,2026-04-27,negative,0.9989
"Really rate FreshBasket UK after this order, filtering by dietary bits actually worked, so I found the gluten-free stuff quickly. Exactly what I needed after work.",social,2026-04-27,negative,0.9904
"FreshBasket UK made the weekly shop harder, the phone site was painfully slow and kept losing what I had added. Not using that excuse anymore.",social,2026-04-27,negative,0.9998
"Tried FreshBasket UK again today, I noticed a couple of decent deals but not much beyond that. Just part of the weekly admin.",social,2026-04-27,negative,0.9956
"Did the basics on FreshBasket UK tonight, it was packed okay overall, just not especially clever. No big drama either way.",social,2026-04-27,negative,0.9065
"FreshBasket UK really dropped the ball today, the substitution settings disappeared again for no reason. Wish I'd gone elsewhere.",social,2026-04-27,negative,0.9996
"Not gonna lie, FreshBasket UK was brilliant today, they owned the substitution mix-up and put the money back instantly. Nice when something just works.",social,2026-04-27,positive,0.99
"FreshBasket UK handled my top-up shop okay, no missing items, no refunds, no need to contact anyone. Good enough for the basics.",social,2026-04-27,positive,0.9972
"Can't knock FreshBasket UK today, the veg box was full of decent produce and nothing looked tired. Will happily order again.",social,2026-04-27,positive,0.9983
"FreshBasket UK absolutely nailed it today, support actually read my message and replaced the damaged juice by lunchtime. Can't ask for more really.",social,2026-04-27,positive,0.9946
"Can't knock FreshBasket UK today, the chilled liners actually kept the dairy cold without loads of extra rubbish. Saved me a proper job.",social,2026-04-27,positive,0.9844
"FreshBasket UK seems about the same this week, no issues to raise, so I didn't really test their support. Good enough for the basics.",social,2026-04-27,negative,0.9953
"FreshBasket UK really dropped the ball today, one flimsy bag had all the heavy bottles in it and it nearly tore my hand off. Absolute rubbish.",social,2026-04-27,negative,0.9997
"FreshBasket UK was a bit dodgy today, the offers page kept glitching and showing the wrong prices. Wish I'd gone elsewhere.",social,2026-04-27,negative,0.9993
"FreshBasket UK was fine today, my slot held up and the bags came over pretty quickly. We'll see how next week goes.",social,2026-04-27,positive,0.999
"Honestly, FreshBasket UK annoyed me today, the driver showed up ages late and left half the bags in the van. Shouldn't be this hard.",social,2026-04-27,negative,0.9985
"FreshBasket UK order arrived this afternoon, the bread survived and the eggs were whole, which will do. No complaints and no fanfare.",social,2026-04-27,positive,0.8404
"FreshBasket UK really dropped the ball today, milk leaked over half the order thanks to rubbish packing. Really not the one.",social,2026-04-27,negative,0.9997
"Just did a small shop with FreshBasket UK, it arrived when booked, nothing dramatic either way. It did the job.",social,2026-04-27,positive,0.9022
"FreshBasket UK was a faff from start to finish, those so-called offers were barely a discount. Not good enough really.",social,2026-04-27,negative,0.9997
"Well chuffed with FreshBasket UK today, everything was stacked neatly and unpacking took about two minutes. Will happily order again.",social,2026-04-27,positive,0.8072
"FreshBasket UK came through again, my delivery landed twenty minutes early and the driver was lovely. Can't ask for more really.",social,2026-04-27,positive,0.9989
"Used FreshBasket UK after work today, some staples were fair enough, especially milk and pasta. Just part of the weekly admin.",social,2026-04-27,positive,0.9276
"Well chuffed with FreshBasket UK today, my berries turned up firm, not mushy, which made a nice change. That's how online grocery should work.",social,2026-04-27,negative,0.9684
"FreshBasket UK handled my top-up shop okay, the salad was alright and the bananas were about what I expected. Useful enough, I suppose.",social,2026-04-27,positive,0.9941
"Not gonna lie, FreshBasket UK was brilliant today, the strawberries were properly sweet and the spinach actually lasted all week. Exactly what I needed after work.",social,2026-04-27,positive,0.9993
"FreshBasket UK has my weekly shop sorted, they squeezed in a late order for tonight and still arrived dead on time. Small thing, big difference.",social,2026-04-27,negative,0.9875
"FreshBasket UK was on point this morning, the chicken looked fresh enough that I didn't need to second guess dinner. Top effort all round.",social,2026-04-27,positive,0.9957
"Genuinely impressed with FreshBasket UK tonight, they turned up right at the start of the window and handed everything over quickly. No complaints from me.",social,2026-04-27,positive,0.9965
"FreshBasket UK was a bit dodgy today, the bread got squashed because someone thought potatoes belonged on top. Took ages to put right.",social,2026-04-27,negative,0.9997
"Honestly, FreshBasket UK annoyed me today, the website kept freezing at checkout and emptied my basket. Took ages to put right.",social,2026-04-27,negative,0.9992
"FreshBasket UK was fine today, tracking was fine and the driver left without any fuss. It did the job.",social,2026-04-27,positive,0.9979
"Well chuffed with FreshBasket UK today, the team was sound on the phone and sorted the issue first time. Exactly what I needed after work.",social,2026-04-27,negative,0.9364
"Really rate FreshBasket UK after this order, same-day delivery actually showed up when promised, which felt like a miracle. Made the whole week easier.",social,2026-04-27,positive,0.9879
"FreshBasket UK was a faff from start to finish, I couldn't change my slot because the page kept looping. Not using that excuse anymore.",social,2026-04-27,negative,0.9981
"FreshBasket UK came through again, same-day delivery actually showed up when promised, which felt like a miracle. Made the whole week easier.",social,2026-04-27,positive,0.9975
"FreshBasket UK was on point this morning, the multibuy deal on pasta, sauce, and veg was decent value. Small thing, big difference.",social,2026-04-27,positive,0.9968
"Fair play to FreshBasket UK, everything was stacked neatly and unpacking took about two minutes. That'll do me nicely.",social,2026-04-27,positive,0.9974
"FreshBasket UK was a faff from start to finish, those so-called offers were barely a discount. That needs sorting.",social,2026-04-27,negative,0.9995
"Not gonna lie, FreshBasket UK was brilliant today, the bread was soft, the tomatoes weren't battered, and the herbs smelled fresh. Miles better than trekking to the shop.",social,2026-04-27,positive,0.999
"FreshBasket UK was a faff from start to finish, used to save me a few quid here, now it feels cheeky. Not using that excuse anymore.",social,2026-04-27,negative,0.9743
"FreshBasket UK was on point this morning, I got a reply in minutes and the replacement item was added to tomorrow's slot. No complaints from me.",social,2026-04-27,negative,0.8131
"Used FreshBasket UK after work today, checkout was straightforward after a bit of scrolling. Useful enough, I suppose.",social,2026-04-27,positive,0.977
"FreshBasket UK was on point this morning, the strawberries were properly sweet and the spinach actually lasted all week. Properly pleased with that.",social,2026-04-27,positive,0.9998
"Proper result from FreshBasket UK, the agent on chat fixed my account issue faster than I expected. Saved me a proper job.",social,2026-04-27,positive,0.9956
"Really rate FreshBasket UK after this order, the bags weren't overstuffed and the fruit survived the trip just fine. That'll do me nicely.",social,2026-04-27,positive,0.9998
"Proper result from FreshBasket UK, filtering by dietary bits actually worked, so I found the gluten-free stuff quickly. Can't ask for more really.",social,2026-04-27,negative,0.9947
"Tried FreshBasket UK again today, got the order inside the booked window, which was all I needed. That'll do for now.",social,2026-04-27,negative,0.9957
"Proper result from FreshBasket UK, the multibuy deal on pasta, sauce, and veg was decent value. Miles better than trekking to the shop.",social,2026-04-27,positive,0.9991
"Fair play to FreshBasket UK, even the bread stayed in one piece because the heavier bits were packed well. No complaints from me.",social,2026-04-27,positive,0.9648
"Fair play to FreshBasket UK, adding meal bits to the basket was simple and the offers showed up clearly. Small thing, big difference.",social,2026-04-27,positive,0.9991
"FreshBasket UK has my weekly shop sorted, the app made a boring top-up shop weirdly easy after work. Top effort all round.",social,2026-04-27,negative,0.9855
"Happy days with FreshBasket UK, my groceries were on the doorstep before I finished work and that saved me a job. Miles better than trekking to the shop.",social,2026-04-27,positive,0.9926
"FreshBasket UK handled my top-up shop okay, the basket came out around what I expected to pay. Seems okay so far.",social,2026-04-27,positive,0.9927
"FreshBasket UK made the weekly shop harder, the tracking updates were useless and the order just kept moving later. Absolute rubbish.",social,2026-04-27,negative,0.9998
"Well chuffed with FreshBasket UK today, reordering on the app was smooth and the substitutions were clear. Exactly what I needed after work.",social,2026-04-27,negative,0.7372
"FreshBasket UK really dropped the ball today, the website kept freezing at checkout and emptied my basket. Ruined the plan for dinner.",social,2026-04-27,negative,0.9998
"FreshBasket UK let me down again, packaging was a mess, eggs cracked and juice leaking everywhere. Ruined the plan for dinner.",social,2026-04-27,negative,0.9998
"FreshBasket UK was naff today, they charged me more than the shelf price shown online. Took ages to put right.",social,2026-04-27,negative,0.9908
"FreshBasket UK did the business today, even the bread stayed in one piece because the heavier bits were packed well. Saved me a proper job.",social,2026-04-27,positive,0.9995
"FreshBasket UK has my weekly shop sorted, the team was sound on the phone and sorted the issue first time. Small thing, big difference.",social,2026-04-27,negative,0.9853
"FreshBasket UK was on point this morning, my delivery landed twenty minutes early and the driver was lovely. Nice when something just works.",social,2026-04-27,positive,0.9996
"FreshBasket UK made the weekly shop harder, used to save me a few quid here, now it feels cheeky. Bit of a joke.",social,2026-04-27,negative,0.9651
"Not impressed with FreshBasket UK this week, one flimsy bag had all the heavy bottles in it and it nearly tore my hand off. Wish I'd gone elsewhere.",social,2026-04-27,negative,0.9996
"FreshBasket UK has done my head in today, even the basics looked tired, which is not what you want midweek. Bit of a joke.",social,2026-04-27,negative,0.9997
"FreshBasket UK did the business today, the salmon looked fresh and the salad leaves weren't slimy by day two. Tea is sorted tonight.",social,2026-04-27,positive,0.9846
"FreshBasket UK has gone downhill lately, they acted like bruised fruit was somehow my problem. Properly annoying.",social,2026-04-27,negative,0.9998
"FreshBasket UK came through again, the bread was soft, the tomatoes weren't battered, and the herbs smelled fresh. Made the whole week easier.",social,2026-04-27,positive,0.9968
"Can't knock FreshBasket UK today, I shaved a good few quid off the total with the bundle deals. Will happily order again.",social,2026-04-27,positive,0.9955
"FreshBasket UK has done my head in today, I couldn't change my slot because the page kept looping. Wish I'd gone elsewhere.",social,2026-04-27,negative,0.9991
"FreshBasket UK was on point this morning, they turned up right at the start of the window and handed everything over quickly. Properly pleased with that.",social,2026-04-27,positive,0.9998
"Can't knock FreshBasket UK today, my weekend slot landed exactly when booked and nothing was warm. Exactly what I needed after work.",social,2026-04-27,negative,0.9926
"Fair play to FreshBasket UK, no squashed tomatoes, no split milk, job done. No complaints from me.",social,2026-04-27,negative,0.9192
"Happy days with FreshBasket UK, I got a reply in minutes and the replacement item was added to tomorrow's slot. Made the whole week easier.",social,2026-04-27,positive,0.9921
"Genuinely impressed with FreshBasket UK tonight, the team was sound on the phone and sorted the issue first time. Nice when something just works.",social,2026-04-27,positive,0.9987
"FreshBasket UK has my weekly shop sorted, every bit of veg in my order looked crisp and clean for once. That's how online grocery should work.",social,2026-04-27,negative,0.9859
"FreshBasket UK let me down again, even the own-brand bits aren't cheap anymore. Wish I'd gone elsewhere.",social,2026-04-27,negative,0.9984
"Honestly, FreshBasket UK annoyed me today, the milk was warm and the yoghurt lids were bulging. Absolute rubbish.",social,2026-04-27,negative,0.9989
"Another FreshBasket UK delivery landed, search was okay, not brilliant, not awful. Seems okay so far.",social,2026-04-27,negative,0.6345
"FreshBasket UK did the business today, even the bread stayed in one piece because the heavier bits were packed well. Can't ask for more really.",social,2026-04-27,positive,0.9905
"FreshBasket UK has my weekly shop sorted, the chicken looked fresh enough that I didn't need to second guess dinner. Top effort all round.",social,2026-04-27,positive,0.9972
"Can't knock FreshBasket UK today, customer service sorted my missing yoghurt in about five minutes and credited it straight away. Nice when something just works.",social,2026-04-27,positive,0.9338
"FreshBasket UK was on point this morning, even the budget fruit tasted decent and the bananas were actually yellow. Saved me a proper job.",social,2026-04-27,positive,0.9897
"FreshBasket UK was on point this morning, the family staples were on offer and that made a proper difference. Will happily order again.",social,2026-04-27,positive,0.9996
"Proper result from FreshBasket UK, my groceries were on the doorstep before I finished work and that saved me a job. Exactly what I needed after work.",social,2026-04-27,positive,0.9815
"Genuinely impressed with FreshBasket UK tonight, their fruit and veg promo was better than I expected this time. Saved me a proper job.",social,2026-04-27,positive,0.9997
"FreshBasket UK was naff today, prices have crept up and the deals aren't worth shouting about. Not using that excuse anymore.",social,2026-04-27,negative,0.9993
"Really rate FreshBasket UK after this order, today's avocados were ripe at the right time instead of being rock hard. That's how online grocery should work.",social,2026-04-27,positive,0.9345
"FreshBasket UK smashed it again, the checkout page didn't crash once and that felt like progress. Nice when something just works.",social,2026-04-27,positive,0.5649
"FreshBasket UK turned up within the slot, it turned up roughly when promised and that did the job. Fine, not life changing.",social,2026-04-27,negative,0.7773
"FreshBasket UK handled my top-up shop okay, the updates were clear enough and the van showed when expected. Good enough for the basics.",social,2026-04-27,positive,0.9986
"FreshBasket UK smashed it again, managed to get dinner bits for less than the corner shop charges. Genuinely chuffed with that.",social,2026-04-27,negative,0.9994
"Not gonna lie, FreshBasket UK was brilliant today, the chicken looked fresh enough that I didn't need to second guess dinner. Top effort all round.",social,2026-04-27,positive,0.9992
"FreshBasket UK made the weekly shop harder, they acted like bruised fruit was somehow my problem. Not good enough really.",social,2026-04-27,negative,0.9998
"Not gonna lie, FreshBasket UK was brilliant today, today's avocados were ripe at the right time instead of being rock hard. Tea is sorted tonight.",social,2026-04-27,positive,0.9979
"Proper result from FreshBasket UK, today's avocados were ripe at the right time instead of being rock hard. Exactly what I needed after work.",social,2026-04-27,positive,0.9984
"FreshBasket UK order arrived this afternoon, nothing was broken and the bags were packed reasonably well. Seems okay so far.",social,2026-04-27,positive,0.9983
"Can't knock FreshBasket UK today, barely any pointless plastic and the glass jars were packed securely. Can't ask for more really.",social,2026-04-27,negative,0.9844
"FreshBasket UK was on point this morning, the eggs were spot on and the milk had a proper shelf life on it. Miles better than trekking to the shop.",social,2026-04-27,negative,0.6739
"Really rate FreshBasket UK after this order, search actually worked and I found everything fast for once. Nice when something just works.",social,2026-04-27,positive,0.9911
"FreshBasket UK was rubbish tonight, support was polite enough but completely useless at fixing the actual problem. That's me properly annoyed.",social,2026-04-27,negative,0.9997
"Proper result from FreshBasket UK, used a voucher plus the offers and the whole basket came in cheaper than usual. Made the whole week easier.",social,2026-04-27,positive,0.7985
"FreshBasket UK has done my head in today, customer service kept me in a queue for ages and solved nothing. Properly annoying.",social,2026-04-27,negative,0.9996
"Another FreshBasket UK delivery landed, a few offers were decent, a few were nothing special. Nothing wild to report.",social,2026-04-27,negative,0.9975
"Honestly, FreshBasket UK annoyed me today, I explained the issue clearly and still got the wrong canned reply back. That's me properly annoyed.",social,2026-04-27,negative,0.9989
"Happy days with FreshBasket UK, it remembered my favourites properly, which made the whole thing much quicker. Made the whole week easier.",social,2026-04-27,positive,0.9994
"Placed a quick order on FreshBasket UK, basket edits took a minute but it all went through. No complaints and no fanfare.",social,2026-04-27,negative,0.9988
"Fair play to FreshBasket UK, my weekend slot landed exactly when booked and nothing was warm. Will happily order again.",social,2026-04-27,positive,0.8699
"FreshBasket UK has done my head in today, they charged me more than the shelf price shown online. Left me fuming.",social,2026-04-27,negative,0.9944
"FreshBasket UK was naff today, support was polite enough but completely useless at fixing the actual problem. Not using that excuse anymore.",social,2026-04-27,negative,0.9996
"FreshBasket UK smashed it again, basket swaps were painless and the slot picker behaved itself. Will happily order again.",social,2026-04-27,negative,0.7624
"FreshBasket UK really dropped the ball today, I explained the issue clearly and still got the wrong canned reply back. What a faff.",social,2026-04-27,negative,0.9938
"Tried FreshBasket UK again today, I noticed a couple of decent deals but not much beyond that. Pretty standard shop overall.",social,2026-04-27,negative,0.9933
"FreshBasket UK came through again, support was helpful, quick, and didn't make me chase anything twice. No complaints from me.",social,2026-04-27,positive,0.8728
"Happy days with FreshBasket UK, managed to get dinner bits for less than the corner shop charges. That'll do me nicely.",social,2026-04-27,positive,0.9997
"FreshBasket UK made the weekly shop harder, the tracking updates were useless and the order just kept moving later. Left me fuming.",social,2026-04-27,negative,0.9997
"Fair play to FreshBasket UK, the multibuy deal on pasta, sauce, and veg was decent value. Top effort all round.",social,2026-04-27,positive,0.9997
"Genuinely impressed with FreshBasket UK tonight, the order arrived before dinner so I didn't need a panic dash to the shop. Exactly what I needed after work.",social,2026-04-27,positive,0.9982
"Can't knock FreshBasket UK today, the reusable bags were packed sensibly and easy to carry upstairs. Genuinely chuffed with that.",social,2026-04-27,negative,0.7955
"Fair play to FreshBasket UK, even the bread stayed in one piece because the heavier bits were packed well. Properly pleased with that.",social,2026-04-27,positive,0.9997
"FreshBasket UK was on point this morning, adding meal bits to the basket was simple and the offers showed up clearly. That'll do me nicely.",social,2026-04-27,positive,0.9997
"Pretty fed up with FreshBasket UK now, they acted like bruised fruit was somehow my problem. Ruined the plan for dinner.",social,2026-04-27,negative,0.9998
"FreshBasket UK has my weekly shop sorted, they separated chilled and cupboard bits sensibly so nothing got squashed. That's how online grocery should work.",social,2026-04-27,negative,0.9266
"FreshBasket UK did the business today, adding meal bits to the basket was simple and the offers showed up clearly. Can't ask for more really.",social,2026-04-27,positive,0.9989
"Another FreshBasket UK delivery landed, got the normal texts and reminders, nothing more to say. No strong feelings on it.",social,2026-04-27,negative,0.9995
"FreshBasket UK was fine today, quality seemed normal compared with last week. Just part of the weekly admin.",social,2026-04-27,positive,0.9975
"FreshBasket UK did the business today, customer service sorted my missing yoghurt in about five minutes and credited it straight away. Tea is sorted tonight.",social,2026-04-27,negative,0.983
"Proper result from FreshBasket UK, the team was sound on the phone and sorted the issue first time. Nice when something just works.",social,2026-04-27,positive,0.9692
"Used FreshBasket UK for a top-up order, nothing felt wildly cheap or wildly expensive today. Nothing to rave about really.",social,2026-04-27,negative,0.9973
"Can't knock FreshBasket UK today, my groceries were on the doorstep before I finished work and that saved me a job. Exactly what I needed after work.",social,2026-04-27,positive,0.9954
"Really rate FreshBasket UK after this order, today's avocados were ripe at the right time instead of being rock hard. Properly pleased with that.",social,2026-04-27,positive,0.9979
"FreshBasket UK did the business today, my weekend slot landed exactly when booked and nothing was warm. Properly pleased with that.",social,2026-04-27,positive,0.9976
"FreshBasket UK has my weekly shop sorted, my weekend slot landed exactly when booked and nothing was warm. Exactly what I needed after work.",social,2026-04-27,negative,0.9968
"Not gonna lie, FreshBasket UK was brilliant today, the team was sound on the phone and sorted the issue first time. Exactly what I needed after work.",social,2026-04-27,positive,0.9956
"FreshBasket UK really dropped the ball today, the veg looked like it had been kicking about the warehouse for days. That's me properly annoyed.",social,2026-04-27,negative,0.9994
"Did the basics on FreshBasket UK tonight, I noticed a couple of decent deals but not much beyond that. Pretty standard shop overall.",social,2026-04-27,negative,0.9884
"FreshBasket UK was a faff from start to finish, the apples were bruised all over and the lettuce had gone slimy. Such a pain.",social,2026-04-27,negative,0.9994
"Really rate FreshBasket UK after this order, prices felt fair today, especially on milk, bread, and eggs. Properly pleased with that.",social,2026-04-27,positive,0.9996
"FreshBasket UK smashed it again, reordering on the app was smooth and the substitutions were clear. Made the whole week easier.",social,2026-04-27,negative,0.9961
"Pretty fed up with FreshBasket UK now, even the own-brand bits aren't cheap anymore. Took ages to put right.",social,2026-04-27,negative,0.9975
"FreshBasket UK smashed it again, the phone site finally stopped lagging and I was done in minutes. That'll do me nicely.",social,2026-04-27,negative,0.9823
"FreshBasket UK has gone downhill lately, the bread got squashed because someone thought potatoes belonged on top. Wish I'd gone elsewhere.",social,2026-04-27,negative,0.9998
"FreshBasket UK needs to sort itself out, support was polite enough but completely useless at fixing the actual problem. Shouldn't be this hard.",social,2026-04-27,negative,0.9993
"Not gonna lie, FreshBasket UK was brilliant today, every bit of veg in my order looked crisp and clean for once. Top effort all round.",social,2026-04-27,positive,0.9996
"Honestly, FreshBasket UK annoyed me today, the milk was warm and the yoghurt lids were bulging. That's me properly annoyed.",social,2026-04-27,negative,0.9972
"FreshBasket UK was pretty ordinary this time, unpacking was straightforward and nothing had shifted about too much. No strong feelings on it.",social,2026-04-27,negative,0.999
"Happy days with FreshBasket UK, search actually worked and I found everything fast for once. Nice when something just works.",social,2026-04-27,positive,0.9988
"FreshBasket UK absolutely nailed it today, they owned the substitution mix-up and put the money back instantly. That'll do me nicely.",social,2026-04-27,positive,0.9963
"Really rate FreshBasket UK after this order, barely any pointless plastic and the glass jars were packed securely. That's how online grocery should work.",social,2026-04-27,negative,0.998
"Proper result from FreshBasket UK, they finally nailed the packing and the whole order arrived intact. That's how online grocery should work.",social,2026-04-27,positive,0.9944
"Happy days with FreshBasket UK, customer service sorted my missing yoghurt in about five minutes and credited it straight away. Small thing, big difference.",social,2026-04-27,negative,0.9789
"FreshBasket UK came through again, my weekend slot landed exactly when booked and nothing was warm. Exactly what I needed after work.",social,2026-04-27,negative,0.9891
"Genuinely impressed with FreshBasket UK tonight, filtering by dietary bits actually worked, so I found the gluten-free stuff quickly. Properly pleased with that.",social,2026-04-27,positive,0.9994
"FreshBasket UK smashed it again, every bit of veg in my order looked crisp and clean for once. Properly pleased with that.",social,2026-04-27,positive,0.9288
"Not gonna lie, FreshBasket UK was brilliant today, the live chat fixed a refund without any faff and was genuinely polite. Will happily order again.",social,2026-04-27,positive,0.999
"FreshBasket UK was rubbish tonight, the app logged me out three times while I was ordering. That needs sorting.",social,2026-04-27,negative,0.9996
"Really rate FreshBasket UK after this order, the app made a boring top-up shop weirdly easy after work. Exactly what I needed after work.",social,2026-04-27,negative,0.9915
"FreshBasket UK was naff today, I had to chase a refund twice for one missing item. Took ages to put right.",social,2026-04-27,negative,0.9989
"FreshBasket UK has done my head in today, the bag split on the doorstep because it was packed badly. Not good enough really.",social,2026-04-27,negative,0.9998
"Happy days with FreshBasket UK, used a voucher plus the offers and the whole basket came in cheaper than usual. That'll do me nicely.",social,2026-04-27,positive,0.9994
"FreshBasket UK has done my head in today, the bread got squashed because someone thought potatoes belonged on top. Really not the one.",social,2026-04-27,negative,0.9998
"FreshBasket UK seems about the same this week, got the order inside the booked window, which was all I needed. That'll do for now.",social,2026-04-27,negative,0.9977
"Fair play to FreshBasket UK, the strawberries were properly sweet and the spinach actually lasted all week. No complaints from me.",social,2026-04-27,positive,0.983
"FreshBasket UK needs to sort itself out, same-day delivery turned into late-night delivery again. Wish I'd gone elsewhere.",social,2026-04-27,negative,0.9995
"Tried FreshBasket UK again today, the chilled bits were separated properly, which I appreciated. No big drama either way.",social,2026-04-27,positive,0.9383
"FreshBasket UK was fine today, got the normal texts and reminders, nothing more to say. Good enough for the basics.",social,2026-04-27,positive,0.9994
"FreshBasket UK was all over the place today, the substitution settings disappeared again for no reason. Properly annoying.",social,2026-04-27,negative,0.9998
"FreshBasket UK was on point this morning, managed to get dinner bits for less than the corner shop charges. Nice when something just works.",social,2026-04-27,positive,0.8048
"FreshBasket UK has my weekly shop sorted, they apologised properly for the missing bread and refunded it there and then. Properly pleased with that.",social,2026-04-27,positive,0.9991
"Not gonna lie, FreshBasket UK was brilliant today, used a voucher plus the offers and the whole basket came in cheaper than usual. Top effort all round.",social,2026-04-27,positive,0.9974
"FreshBasket UK was all over the place today, they chucked tins on top of the bread and flattened the lot. Left me fuming.",social,2026-04-27,negative,0.9995
"Proper result from FreshBasket UK, the evening slot started bang on time and everything was still cold. Exactly what I needed after work.",social,2026-04-27,negative,0.9988
"FreshBasket UK seems about the same this week, some bits were good value, some weren't. No strong feelings on it.",social,2026-04-27,negative,0.9989
"FreshBasket UK did the business today, they separated chilled and cupboard bits sensibly so nothing got squashed. Exactly what I needed after work.",social,2026-04-27,positive,0.9953
"Another solid shop from FreshBasket UK, they turned up right at the start of the window and handed everything over quickly. Nice when something just works.",social,2026-04-27,positive,0.9994
"Just did a small shop with FreshBasket UK, the slot picker worked and the rest of the app felt ordinary. It did the job.",social,2026-04-27,positive,0.8772
"FreshBasket UK came through again, the strawberries were properly sweet and the spinach actually lasted all week. That'll do me nicely.",social,2026-04-27,positive,0.9997
"Pretty fed up with FreshBasket UK now, I added a few basics and somehow the total looked daft. Properly annoying.",social,2026-04-27,negative,0.9993
"FreshBasket UK was on point this morning, the bags weren't overstuffed and the fruit survived the trip just fine. That'll do me nicely.",social,2026-04-27,positive,0.9998
"Genuinely impressed with FreshBasket UK tonight, every bit of veg in my order looked crisp and clean for once. Nice when something just works.",social,2026-04-27,positive,0.9992
"FreshBasket UK has gone downhill lately, prices have crept up and the deals aren't worth shouting about. Absolute rubbish.",social,2026-04-27,negative,0.9998
"Fair play to FreshBasket UK, today's avocados were ripe at the right time instead of being rock hard. That'll do me nicely.",social,2026-04-27,positive,0.9996
"Really rate FreshBasket UK after this order, my berries turned up firm, not mushy, which made a nice change. Can't ask for more really.",social,2026-04-27,positive,0.7953
"Can't knock FreshBasket UK today, they finally nailed the packing and the whole order arrived intact. Can't ask for more really.",social,2026-04-27,positive,0.9982
"FreshBasket UK did what it said today, it turned up roughly when promised and that did the job. Nothing wild to report.",social,2026-04-27,negative,0.9834
"Not gonna lie, FreshBasket UK was brilliant today, reordering on the app was smooth and the substitutions were clear. That'll do me nicely.",social,2026-04-27,positive,0.9997
"Proper result from FreshBasket UK, the phone site finally stopped lagging and I was done in minutes. Nice when something just works.",social,2026-04-27,negative,0.9882
"FreshBasket UK let me down again, the substitution settings disappeared again for no reason. Absolute rubbish.",social,2026-04-27,negative,0.9998
"Really rate FreshBasket UK after this order, the checkout page didn't crash once and that felt like progress. Nice when something just works.",social,2026-04-27,positive,0.9938
"Really rate FreshBasket UK after this order, they turned up right at the start of the window and handed everything over quickly. Top effort all round.",social,2026-04-27,positive,0.9946
"FreshBasket UK has done my head in today, milk leaked over half the order thanks to rubbish packing. Really not the one.",social,2026-04-27,negative,0.9997
"FreshBasket UK has my weekly shop sorted, the reusable bags were packed sensibly and easy to carry upstairs. No complaints from me.",social,2026-04-27,positive,0.9501
"Really rate FreshBasket UK after this order, even the bread stayed in one piece because the heavier bits were packed well. Saved me a proper job.",social,2026-04-27,positive,0.9985
"FreshBasket UK smashed it again, the veg box was full of decent produce and nothing looked tired. Can't ask for more really.",social,2026-04-27,negative,0.737
"Happy days with FreshBasket UK, prices felt fair today, especially on milk, bread, and eggs. Top effort all round.",social,2026-04-27,positive,0.9993
"Genuinely impressed with FreshBasket UK tonight, the van was early, the updates were clear, and the whole thing felt sorted. Small thing, big difference.",social,2026-04-27,positive,0.9991
"Proper result from FreshBasket UK, everything was stacked neatly and unpacking took about two minutes. Can't ask for more really.",social,2026-04-27,negative,0.9954
"Well chuffed with FreshBasket UK today, even the bread stayed in one piece because the heavier bits were packed well. Tea is sorted tonight.",social,2026-04-27,negative,0.9522
"FreshBasket UK was on point this morning, prices felt fair today, especially on milk, bread, and eggs. Top effort all round.",social,2026-04-27,positive,0.9954
"Happy days with FreshBasket UK, the veg box was full of decent produce and nothing looked tired. Exactly what I needed after work.",social,2026-04-27,positive,0.9989
"FreshBasket UK needs to sort itself out, same-day delivery turned into late-night delivery again. Not using that excuse anymore.",social,2026-04-27,negative,0.9995
"FreshBasket UK made the weekly shop harder, they marked it delivered while I was still sat at home waiting. Such a pain.",social,2026-04-27,negative,0.9987
"Fair play to FreshBasket UK, they finally nailed the packing and the whole order arrived intact. Saved me a proper job.",social,2026-04-27,positive,0.9996
"Tried FreshBasket UK again today, a few offers were decent, a few were nothing special. That'll do for now.",social,2026-04-27,negative,0.9622
"FreshBasket UK did the business today, every bit of veg in my order looked crisp and clean for once. That'll do me nicely.",social,2026-04-27,positive,0.9996
"FreshBasket UK really dropped the ball today, the promo looked decent until the final total proved otherwise. Bit of a joke.",social,2026-04-27,negative,0.7716
"Another solid shop from FreshBasket UK, the agent on chat fixed my account issue faster than I expected. That's how online grocery should work.",social,2026-04-27,positive,0.9892
"FreshBasket UK needs to sort itself out, the veg looked like it had been kicking about the warehouse for days. Properly annoying.",social,2026-04-27,negative,0.9997
"Another solid shop from FreshBasket UK, adding meal bits to the basket was simple and the offers showed up clearly. Miles better than trekking to the shop.",social,2026-04-27,positive,0.9994
"FreshBasket UK was a faff from start to finish, the driver showed up ages late and left half the bags in the van. What a faff.",social,2026-04-27,negative,0.9994
"FreshBasket UK was on point this morning, they turned up right at the start of the window and handed everything over quickly. Tea is sorted tonight.",social,2026-04-27,positive,0.9897
"FreshBasket UK was naff today, the offers page kept glitching and showing the wrong prices. Such a pain.",social,2026-04-27,negative,0.9993
"Proper result from FreshBasket UK, used a voucher plus the offers and the whole basket came in cheaper than usual. No complaints from me.",social,2026-04-27,negative,0.946
"FreshBasket UK was fine today, didn't need customer service this time so can't say much there. No strong feelings on it.",social,2026-04-27,negative,0.8119
"FreshBasket UK smashed it again, prices felt fair today, especially on milk, bread, and eggs. Can't ask for more really.",social,2026-04-27,positive,0.9107
"FreshBasket UK did the business today, today's offers saved me a fair few quid on the weekly shop. That's how online grocery should work.",social,2026-04-27,negative,0.7638
"Really rate FreshBasket UK after this order, they apologised properly for the missing bread and refunded it there and then. Can't ask for more really.",social,2026-04-27,negative,0.9846
"FreshBasket UK came through again, the strawberries were properly sweet and the spinach actually lasted all week. Miles better than trekking to the shop.",social,2026-04-27,positive,0.9943
"Really rate FreshBasket UK after this order, the chicken looked fresh enough that I didn't need to second guess dinner. Tea is sorted tonight.",social,2026-04-27,positive,0.989
"FreshBasket UK absolutely nailed it today, I got a reply in minutes and the replacement item was added to tomorrow's slot. That'll do me nicely.",social,2026-04-27,positive,0.9998
"Placed a quick order on FreshBasket UK, boxes were fine, if a bit bulky for a small order. Nothing wild to report.",social,2026-04-27,negative,0.984
"Fair play to FreshBasket UK, they owned the substitution mix-up and put the money back instantly. Top effort all round.",social,2026-04-27,negative,0.9207
"Really rate FreshBasket UK after this order, the driver rang properly, waited a sec, and brought the heavy bags to the door. That's how online grocery should work.",social,2026-04-27,negative,0.9888
"Not gonna lie, FreshBasket UK was brilliant today, they apologised properly for the missing bread and refunded it there and then. Made the whole week easier.",social,2026-04-27,positive,0.9102
"Really rate FreshBasket UK after this order, I shaved a good few quid off the total with the bundle deals. Top effort all round.",social,2026-04-27,positive,0.8454
"Happy days with FreshBasket UK, my weekend slot landed exactly when booked and nothing was warm. Saved me a proper job.",social,2026-04-27,positive,0.9342
"Really rate FreshBasket UK after this order, my groceries were on the doorstep before I finished work and that saved me a job. Will happily order again.",social,2026-04-27,positive,0.9974
"FreshBasket UK was fairly standard today, everything on the service side felt pretty standard today. Nothing wild to report.",social,2026-04-27,negative,0.6636
"FreshBasket UK needs to sort itself out, the agent ended the chat before the issue was even sorted. That needs sorting.",social,2026-04-27,negative,0.9996
"FreshBasket UK let me down again, I couldn't change my slot because the page kept looping. Took ages to put right.",social,2026-04-27,negative,0.9983
"Well chuffed with FreshBasket UK today, the live chat fixed a refund without any faff and was genuinely polite. Properly pleased with that.",social,2026-04-27,positive,0.9947
"Did the basics on FreshBasket UK tonight, my slot held up and the bags came over pretty quickly. Good enough for the basics.",social,2026-04-27,positive,0.9994
"FreshBasket UK let me down again, the veg looked like it had been kicking about the warehouse for days. Such a pain.",social,2026-04-27,negative,0.9992
"Pretty fed up with FreshBasket UK now, the bag split on the doorstep because it was packed badly. What a faff.",social,2026-04-27,negative,0.9997
"FreshBasket UK was all over the place today, the freezer bits were buried under cleaning stuff, which is just silly. Left me fuming.",social,2026-04-27,negative,0.9997
"FreshBasket UK needs to sort itself out, FreshBasket UK keeps nudging prices up while the quality slips. Left me fuming.",social,2026-04-27,negative,0.9996
"Can't knock FreshBasket UK today, the veg box was full of decent produce and nothing looked tired. Properly pleased with that.",social,2026-04-27,positive,0.9989
"FreshBasket UK did what it said today, everything on the service side felt pretty standard today. Useful enough, I suppose.",social,2026-04-27,positive,0.9932
"FreshBasket UK did the business today, managed to get dinner bits for less than the corner shop charges. Saved me a proper job.",social,2026-04-27,positive,0.9981
"FreshBasket UK was rubbish tonight, chilled and cupboard stuff were all mixed together again. Properly annoying.",social,2026-04-27,negative,0.9998
"FreshBasket UK really dropped the ball today, even the basics looked tired, which is not what you want midweek. Absolute rubbish.",social,2026-04-27,negative,0.9998
"FreshBasket UK needs to sort itself out, I tried to reorder last week's basket and half the page just blanked out. Took ages to put right.",social,2026-04-27,negative,0.9997
"FreshBasket UK has gone downhill lately, they marked it delivered while I was still sat at home waiting. Really not the one.",social,2026-04-27,negative,0.9996
"FreshBasket UK has my weekly shop sorted, the bread was soft, the tomatoes weren't battered, and the herbs smelled fresh. Genuinely chuffed with that.",social,2026-04-27,positive,0.9883
"FreshBasket UK was on point this morning, the multibuy deal on pasta, sauce, and veg was decent value. Will happily order again.",social,2026-04-27,positive,0.9995
"Not impressed with FreshBasket UK this week, those so-called offers were barely a discount. Such a pain.",social,2026-04-27,negative,0.9997
"Pretty fed up with FreshBasket UK now, the milk was warm and the yoghurt lids were bulging. That's me properly annoyed.",social,2026-04-27,negative,0.9981
"Proper result from FreshBasket UK, even the bread stayed in one piece because the heavier bits were packed well. Saved me a proper job.",social,2026-04-27,positive,0.9988
"FreshBasket UK has my weekly shop sorted, their fruit and veg promo was better than I expected this time. Miles better than trekking to the shop.",social,2026-04-27,positive,0.97
"Did the basics on FreshBasket UK tonight, the bread survived and the eggs were whole, which will do. Nothing wild to report.",social,2026-04-27,negative,0.9873
"FreshBasket UK was on point this morning, I shaved a good few quid off the total with the bundle deals. Genuinely chuffed with that.",social,2026-04-27,negative,0.997
"Placed a quick order on FreshBasket UK, the website did what it needed to do and that was about it. About what I expected, really.",social,2026-04-27,positive,0.5617
"FreshBasket UK let me down again, support promised a call back and then vanished. Really not the one.",social,2026-04-27,negative,0.9997
"FreshBasket UK order arrived this afternoon, no issues to raise, so I didn't really test their support. No strong feelings on it.",social,2026-04-27,negative,0.999
"Well chuffed with FreshBasket UK today, every bit of veg in my order looked crisp and clean for once. Small thing, big difference.",social,2026-04-27,negative,0.9711
"FreshBasket UK came through again, filtering by dietary bits actually worked, so I found the gluten-free stuff quickly. Properly pleased with that.",social,2026-04-27,positive,0.9981
"FreshBasket UK was all over the place today, even the basics looked tired, which is not what you want midweek. Such a pain.",social,2026-04-27,negative,0.9997
"Another solid shop from FreshBasket UK, meal planning came in under budget thanks to the midweek offers. Will happily order again.",social,2026-04-27,positive,0.9994
"FreshBasket UK absolutely nailed it today, the strawberries were properly sweet and the spinach actually lasted all week. Properly pleased with that.",social,2026-04-27,positive,0.9998
"FreshBasket UK was pretty ordinary this time, the chilled bits were separated properly, which I appreciated. It did the job.",social,2026-04-27,positive,0.9978
"FreshBasket UK let me down again, the strawberries were mouldy and the cucumbers looked tired. Not using that excuse anymore.",social,2026-04-27,negative,0.9996
"FreshBasket UK was on point this morning, packaging was tidy, the eggs were wrapped properly, and nothing leaked. Will happily order again.",social,2026-04-27,positive,0.9978
"Pretty fed up with FreshBasket UK now, they cancelled my delivery last minute after I'd planned meals around it. Ruined the plan for dinner.",social,2026-04-27,negative,0.9998
"Proper result from FreshBasket UK, I shaved a good few quid off the total with the bundle deals. Small thing, big difference.",social,2026-04-27,negative,0.9685
"FreshBasket UK order arrived this afternoon, I noticed a couple of decent deals but not much beyond that. We'll see how next week goes.",social,2026-04-27,negative,0.8472
"FreshBasket UK came through again, everything was stacked neatly and unpacking took about two minutes. Miles better than trekking to the shop.",social,2026-04-27,negative,0.9348
"Can't knock FreshBasket UK today, the own-brand stuff is surprisingly cheap and actually pretty nice. That'll do me nicely.",social,2026-04-27,positive,0.9998
"Not gonna lie, FreshBasket UK was brilliant today, they owned the substitution mix-up and put the money back instantly. Made the whole week easier.",social,2026-04-27,positive,0.783
"FreshBasket UK did the business today, they finally nailed the packing and the whole order arrived intact. Top effort all round.",social,2026-04-27,positive,0.9997
"Happy days with FreshBasket UK, filtering by dietary bits actually worked, so I found the gluten-free stuff quickly. No complaints from me.",social,2026-04-27,negative,0.986
"Genuinely impressed with FreshBasket UK tonight, they apologised properly for the missing bread and refunded it there and then. Exactly what I needed after work.",social,2026-04-27,positive,0.9967
"FreshBasket UK came through again, the reusable bags were packed sensibly and easy to carry upstairs. Miles better than trekking to the shop.",social,2026-04-27,positive,0.9967
"Can't knock FreshBasket UK today, today's avocados were ripe at the right time instead of being rock hard. Exactly what I needed after work.",social,2026-04-27,positive,0.9973
"FreshBasket UK came through again, search actually worked and I found everything fast for once. Miles better than trekking to the shop.",social,2026-04-27,positive,0.9636
"FreshBasket UK has my weekly shop sorted, the family staples were on offer and that made a proper difference. That'll do me nicely.",social,2026-04-27,positive,0.9998
"Really rate FreshBasket UK after this order, the order arrived before dinner so I didn't need a panic dash to the shop. Can't ask for more really.",social,2026-04-27,negative,0.8654
"FreshBasket UK absolutely nailed it today, their fruit and veg promo was better than I expected this time. Exactly what I needed after work.",social,2026-04-27,positive,0.9994
"FreshBasket UK did the business today, the team was sound on the phone and sorted the issue first time. Will happily order again.",social,2026-04-27,positive,0.9992
"Another solid shop from FreshBasket UK, they separated chilled and cupboard bits sensibly so nothing got squashed. Will happily order again.",social,2026-04-27,positive,0.9995
"FreshBasket UK absolutely nailed it today, search actually worked and I found everything fast for once. Can't ask for more really.",social,2026-04-27,positive,0.9982
"Can't knock FreshBasket UK today, the chicken looked fresh enough that I didn't need to second guess dinner. No complaints from me.",social,2026-04-27,positive,0.9913
"FreshBasket UK did what it said today, nothing looked especially good or bad in today's basket. Good enough for the basics.",social,2026-04-27,negative,0.8583
"Well chuffed with FreshBasket UK today, the order arrived before dinner so I didn't need a panic dash to the shop. That's how online grocery should work.",social,2026-04-27,negative,0.9956
"FreshBasket UK has done my head in today, I had to chase a refund twice for one missing item. What a faff.",social,2026-04-27,negative,0.9977
"FreshBasket UK needs to sort itself out, my order never turned up in the booked window and support just shrugged. Really not the one.",social,2026-04-27,negative,0.9981
"FreshBasket UK has done my head in today, the driver showed up ages late and left half the bags in the van. Not using that excuse anymore.",social,2026-04-27,negative,0.9996
"Genuinely impressed with FreshBasket UK tonight, the agent on chat fixed my account issue faster than I expected. That'll do me nicely.",social,2026-04-27,positive,0.9997
"Genuinely impressed with FreshBasket UK tonight, my groceries were on the doorstep before I finished work and that saved me a job. Exactly what I needed after work.",social,2026-04-27,positive,0.9982
"Fair play to FreshBasket UK, their fruit and veg promo was better than I expected this time. Saved me a proper job.",social,2026-04-27,positive,0.9992
"FreshBasket UK has gone downhill lately, my order never turned up in the booked window and support just shrugged. Bit of a joke.",social,2026-04-27,negative,0.9965
"Bit gutted with FreshBasket UK, packaging was a mess, eggs cracked and juice leaking everywhere. That's me properly annoyed.",social,2026-04-27,negative,0.9997
"Can't knock FreshBasket UK today, even the bread stayed in one piece because the heavier bits were packed well. Nice when something just works.",social,2026-04-27,positive,0.9989
"Can't knock FreshBasket UK today, I got a reply in minutes and the replacement item was added to tomorrow's slot. Nice when something just works.",social,2026-04-27,positive,0.9918
"Really rate FreshBasket UK after this order, the chilled liners actually kept the dairy cold without loads of extra rubbish. That's how online grocery should work.",social,2026-04-27,negative,0.902
"Bit gutted with FreshBasket UK, half the bananas were black by the time the bags landed. That needs sorting.",social,2026-04-27,negative,0.9987
"FreshBasket UK came through again, I got a reply in minutes and the replacement item was added to tomorrow's slot. Will happily order again.",social,2026-04-27,positive,0.9992
"FreshBasket UK absolutely nailed it today, managed to get dinner bits for less than the corner shop charges. Saved me a proper job.",social,2026-04-27,positive,0.9988
"Well chuffed with FreshBasket UK today, the checkout page didn't crash once and that felt like progress. Properly pleased with that.",social,2026-04-27,positive,0.9978
"Did the basics on FreshBasket UK tonight, got the automated updates and they were clear enough. No strong feelings on it.",social,2026-04-27,negative,0.9984
"FreshBasket UK has my weekly shop sorted, they owned the substitution mix-up and put the money back instantly. Saved me a proper job.",social,2026-04-27,negative,0.9837
"FreshBasket UK came through again, the veg box was full of decent produce and nothing looked tired. No complaints from me.",social,2026-04-27,positive,0.9893
"FreshBasket UK was on point this morning, the order arrived before dinner so I didn't need a panic dash to the shop. Can't ask for more really.",social,2026-04-27,negative,0.8888
"Used FreshBasket UK after work today, the total felt about average for an online shop. It did the job.",social,2026-04-27,negative,0.6226
"FreshBasket UK has my weekly shop sorted, the website was dead easy tonight and checkout took about thirty seconds. Small thing, big difference.",social,2026-04-27,negative,0.9988
"Fair play to FreshBasket UK, the driver rang properly, waited a sec, and brought the heavy bags to the door. Will happily order again.",social,2026-04-27,positive,0.9991
"FreshBasket UK was on point this morning, they finally nailed the packing and the whole order arrived intact. That'll do me nicely.",social,2026-04-27,positive,0.9997
"Proper result from FreshBasket UK, everything was stacked neatly and unpacking took about two minutes. Genuinely chuffed with that.",social,2026-04-27,negative,0.9987
"FreshBasket UK has gone downhill lately, the veg looked like it had been kicking about the warehouse for days. Not using that excuse anymore.",social,2026-04-27,negative,0.9996
"FreshBasket UK did the business today, my delivery landed twenty minutes early and the driver was lovely. Made the whole week easier.",social,2026-04-27,positive,0.9991
"Another solid shop from FreshBasket UK, the team was sound on the phone and sorted the issue first time. Saved me a proper job.",social,2026-04-27,positive,0.9992
"FreshBasket UK really dropped the ball today, chilled and cupboard stuff were all mixed together again. Not good enough really.",social,2026-04-27,negative,0.9997
"FreshBasket UK let me down again, I booked an early slot and FreshBasket UK rolled up when lunch was basically over. Left me fuming.",social,2026-04-27,negative,0.9989
"FreshBasket UK smashed it again, the agent on chat fixed my account issue faster than I expected. Will happily order again.",social,2026-04-27,negative,0.6319
"FreshBasket UK did what it said today, fruit looked fine, not amazing, not terrible. Just part of the weekly admin.",social,2026-04-27,positive,0.9836
"Can't knock FreshBasket UK today, the website was dead easy tonight and checkout took about thirty seconds. Miles better than trekking to the shop.",social,2026-04-27,negative,0.9886
"FreshBasket UK was fine today, packaging was tidy enough though there was still a fair bit of plastic. Pretty standard shop overall.",social,2026-04-27,positive,0.9966
"Used FreshBasket UK for a top-up order, not much to report on the packing other than it worked. That'll do for now.",social,2026-04-27,negative,0.9992
"FreshBasket UK was on point this morning, even the budget fruit tasted decent and the bananas were actually yellow. Will happily order again.",social,2026-04-27,positive,0.9928
"FreshBasket UK was fairly standard today, everything seemed standard supermarket quality to me. Useful enough, I suppose.",social,2026-04-27,positive,0.8064
"Honestly, FreshBasket UK annoyed me today, my avocados were bruised and the salad was already soggy. Not good enough really.",social,2026-04-27,negative,0.9998
"FreshBasket UK came through again, the evening slot started bang on time and everything was still cold. Made the whole week easier.",social,2026-04-27,negative,0.9985
"FreshBasket UK was naff today, customer service kept me in a queue for ages and solved nothing. Properly annoying.",social,2026-04-27,negative,0.9997
"FreshBasket UK smashed it again, search actually worked and I found everything fast for once. Tea is sorted tonight.",social,2026-04-27,negative,0.8613
