review_text,source,date
Exciting news! Our brand new online shop is now live and ready for business!,social,2026-04-13
Get ready to shop 'til you drop from the comfort of your own home with our UK-based online store!,social,2026-04-13
"From statement pieces to everyday essentials, we've got everything you need to upgrade your wardrobe.",social,2026-04-13
"Explore our vast range of products, including clothing, accessories, and homeware, all at unbeatable prices.",social,2026-04-13
Discover unique gifts for friends and family with our curated selection of special occasion items.,social,2026-04-13
"Stay up-to-date on the latest trends and must-haves with our blog, featuring expert style advice and behind-the-scenes insights.",social,2026-04-13
Treat yourself to something special with our fabulous collection of beauty products and skincare treats.,social,2026-04-13
"Shop small, shop local, and support a UK-based business that truly cares about its customers!",social,2026-04-13
Looking for a unique present? Browse our exclusive range of handmade items and artisanal gifts.,social,2026-04-13
Want to know the secret to staying stylish on a budget? Follow us for top tips and tricks from fashion experts!,social,2026-04-13
"Fast, friendly, and fuss-free shipping guaranteed with our trusted delivery partners.",social,2026-04-13
"Ready to shop in style? Our online store is fully secure, so you can trust every transaction!",social,2026-04-13
Discover new brands and must-have items before they're gone! Join our exclusive VIP club for early access.,social,2026-04-13
